track_id,1aHy1ipWQRNauI0ee9uYfi,6HuHyXviAdpmnQu73JHfBz,315aBOUD3xtj7sUMXtRgMV,3xkHsmpQCBMytMJNiDf3Ii
1aHy1ipWQRNauI0ee9uYfi,1.0,0.6493367681698938,0.292391900833078,0.0
6HuHyXviAdpmnQu73JHfBz,0.6493367681698938,1.0,0.6522553944133732,0.6102425458140971
315aBOUD3xtj7sUMXtRgMV,0.292391900833078,0.6522553944133732,0.9999999999999999,0.8017575352942766
3xkHsmpQCBMytMJNiDf3Ii,0.0,0.6102425458140971,0.8017575352942766,1.0000000000000002
